{"accuracy":0.8191452243568691,"loss":0.15181160467616897,"_timestamp":1.738334946783555e+09,"_runtime":0.487089765,"_wandb":{"runtime":18},"_step":7}