{"_wandb":{"runtime":1},"accuracy":0.7434308597544912,"loss":0.22803846181812978,"_timestamp":1.738334894542291e+09,"_runtime":1.692257302,"_step":63}